Date,Mkt_RF,SMB,HML,RF
2019-09-09,0.07,0.76,3.05,0.01
2019-09-10,0.16,1.07,1.11,0.01
2019-09-11,0.87,1.33,-0.04,0.01
2019-09-12,0.22,-0.31,-0.12,0.01
2019-09-13,-0.02,0.02,0.74,0.01
2019-09-16,-0.23,0.91,0.53,0.01
2019-09-17,0.17,-0.6,-1.19,0.01
2019-09-18,-0.04,-0.75,0.06,0.01
2019-09-19,-0.05,-0.43,-0.46,0.01
2019-09-20,-0.48,0.29,0.15,0.01
2019-09-23,-0.02,-0.17,0.5,0.01
2019-09-24,-1,-0.73,0.01,0.01
2019-09-25,0.69,0.36,0.52,0.01
2019-09-26,-0.4,-0.96,0.13,0.01
2019-09-27,-0.62,-0.33,0.88,0.01
2019-09-30,0.5,-0.17,-0.48,0.01
2019-10-01,-1.31,-0.46,-0.59,0.01
2019-10-02,-1.73,0.89,-0.36,0.01
2019-10-03,0.8,-0.23,-0.89,0.01
2019-10-04,1.39,-0.48,-0.07,0.01
2019-10-07,-0.41,0.16,-0.03,0.01
2019-10-08,-1.61,-0.13,-0.13,0.01
2019-10-09,0.92,-0.55,-0.09,0.01
2019-10-10,0.6,-0.4,0.25,0.01
2019-10-11,1.23,0.48,0.18,0.01
2019-10-14,-0.18,-0.34,-0.03,0.01
2019-10-15,1.03,0.25,-0.25,0.01
2019-10-16,-0.24,0.4,0.22,0.01
2019-10-17,0.37,0.8,-0.29,0.01
2019-10-18,-0.49,-0.35,0.87,0.01
2019-10-21,0.71,0.16,0.34,0.01
2019-10-22,-0.34,0.23,0.84,0.01
2019-10-23,0.25,-0.09,0.27,0.01
2019-10-24,0.25,-0.26,-0.89,0.01
2019-10-25,0.5,0.28,0.07,0.01
2019-10-28,0.62,0.27,-0.25,0.01
2019-10-29,-0.13,0.3,0.5,0.01
2019-10-30,0.28,-0.37,-1.15,0.01
2019-10-31,-0.38,-0.26,-0.43,0.01
2019-11-01,1.07,0.49,0.82,0.01
2019-11-04,0.39,0.03,1.35,0.01
2019-11-05,-0.03,0.23,0.46,0.01
2019-11-06,-0.05,-0.73,0.24,0.01
2019-11-07,0.38,-0.14,0.5,0.01
2019-11-08,0.31,0.07,-0.37,0.01
2019-11-11,-0.19,0,-0.19,0.01
2019-11-12,0.16,-0.11,-0.14,0.01
2019-11-13,0.01,-0.23,-0.82,0.01
2019-11-14,0.07,-0.12,-0.25,0.01
2019-11-15,0.74,-0.25,-0.33,0.01
2019-11-18,0.03,-0.35,-0.51,0.01
2019-11-19,0.02,0.57,-0.94,0.01
2019-11-20,-0.33,0.01,-0.44,0.01
2019-11-21,-0.15,-0.34,0.1,0.01
2019-11-22,0.24,0.06,0.21,0.01
2019-11-25,0.92,1.31,-0.38,0.01
2019-11-26,0.19,0.05,-0.89,0.01
2019-11-27,0.44,0.23,-0.02,0.01
2019-11-29,-0.42,-0.04,-0.31,0.01
2019-12-02,-0.87,-0.25,0.48,0.01
2019-12-03,-0.66,0.6,-0.83,0.01
2019-12-04,0.6,0.14,0.25,0.01
2019-12-05,0.13,-0.21,0.46,0.01
2019-12-06,0.91,0.25,0.36,0.01
2019-12-09,-0.33,0.34,0.12,0.01
2019-12-10,-0.08,0.3,-0.09,0.01
2019-12-11,0.28,-0.07,0.13,0.01
2019-12-12,0.9,-0.13,1.13,0.01
2019-12-13,-0.03,-0.27,-0.54,0.01
2019-12-16,0.74,0.03,-0.05,0.01
2019-12-17,0.1,0.42,0.66,0.01
2019-12-18,-0.05,0.2,0.09,0.01
2019-12-19,0.43,-0.02,-0.42,0.01
2019-12-20,0.48,-0.3,-0.31,0.01
2019-12-23,0.1,0.21,-0.34,0.01
2019-12-24,0.01,0.39,-0.01,0.01
2019-12-26,0.49,-0.54,0,0.01
2019-12-27,-0.09,-0.53,-0.07,0.01
2019-12-30,-0.57,0.19,0.56,0.01
2019-12-31,0.28,-0.01,0.11,0.01
2020-01-02,0.86,-0.88,-0.34,0.01
2020-01-03,-0.67,0.38,0.01,0.01
2020-01-06,0.36,-0.07,-0.55,0.01
2020-01-07,-0.19,-0.01,-0.26,0.01
2020-01-08,0.47,-0.07,-0.64,0.01
2020-01-09,0.65,-0.63,-0.48,0.01
2020-01-10,-0.34,-0.19,-0.34,0.01
2020-01-13,0.73,-0.11,-0.09,0.01
2020-01-14,-0.06,0.4,-0.18,0.01
2020-01-15,0.16,0.46,-0.82,0.01
2020-01-16,0.88,0.51,-0.11,0.01
2020-01-17,0.28,-0.64,-0.12,0.01
2020-01-21,-0.32,-0.52,-0.62,0.01
2020-01-22,0.08,-0.26,0,0.01
2020-01-23,0.08,-0.05,-0.14,0.01
2020-01-24,-0.97,-0.44,-0.28,0.01
2020-01-27,-1.56,0.37,-0.41,0.01
2020-01-28,1.02,-0.13,-0.43,0.01
2020-01-29,-0.11,-0.25,-0.97,0.01
2020-01-30,0.34,-0.69,0.68,0.01
2020-01-31,-1.74,-0.44,-0.35,0.01
2020-02-03,0.84,0.62,-0.67,0.01
2020-02-04,1.57,-0.03,-0.7,0.01
2020-02-05,0.97,0.33,1.48,0.01
2020-02-06,0.27,-0.46,-0.84,0.01
2020-02-07,-0.55,-0.79,-0.02,0.01
2020-02-10,0.73,-0.01,-0.9,0.01
2020-02-11,0.27,0.05,1.04,0.01
2020-02-12,0.66,0.16,-0.36,0.01
2020-02-13,-0.09,0.2,0.01,0.01
2020-02-14,0.14,-0.38,-0.66,0.01
2020-02-18,-0.19,0.16,-0.64,0.01
2020-02-19,0.6,0.18,0.03,0.01
2020-02-20,-0.35,0.49,0.67,0.01
2020-02-21,-1.12,-0.12,0.02,0.01
2020-02-24,-3.39,0.16,0.01,0.01
2020-02-25,-3.09,-0.11,-0.68,0.01
2020-02-26,-0.52,-0.38,-1.2,0.01
2020-02-27,-4.22,0.78,0.06,0.01
2020-02-28,-0.78,0.3,-0.8,0.01
2020-03-02,4.31,-1.69,-0.42,0.01
2020-03-03,-2.8,0.8,-0.63,0.01
2020-03-04,4.03,-1.09,-1.17,0.01
2020-03-05,-3.38,0.24,-1.4,0.01
2020-03-06,-1.78,0.05,-1.48,0.01
2020-03-09,-7.79,-0.42,-4.75,0.01
2020-03-10,4.74,-2.48,0.78,0.01
2020-03-11,-5.06,-0.83,-0.81,0.01
2020-03-12,-9.63,-0.45,-1.14,0.01
2020-03-13,8.98,-2.69,2.94,0.01
2020-03-16,-12.01,-0.21,-0.75,0.01
2020-03-17,5.88,0.85,-0.67,0.01
2020-03-18,-5.56,-3.53,-4.74,0.01
2020-03-19,1.31,5.45,0.95,0.01
2020-03-20,-4.15,0.35,-0.9,0.01
2020-03-23,-2.56,2.21,-3.26,0.01
2020-03-24,9.34,-1.28,2.38,0.01
2020-03-25,1.17,-0.74,1.87,0.01
2020-03-26,6.03,-0.71,1.08,0.01
2020-03-27,-3.48,-0.86,-0.76,0.01
2020-03-30,3.17,-0.3,-2.11,0.01
2020-03-31,-1.44,1.82,-0.38,0.01
2020-04-01,-4.5,-1.56,-1.31,0
2020-04-02,2.1,-0.97,-0.28,0
2020-04-03,-1.64,-1.09,-1.15,0
2020-04-06,7.1,0.77,0.28,0
2020-04-07,-0.11,-0.59,2.1,0
2020-04-08,3.42,0.31,1.27,0
2020-04-09,1.59,1.91,3.19,0
2020-04-13,-0.92,-0.85,-2.4,0
2020-04-14,3.03,-0.18,-3.15,0
2020-04-15,-2.15,-1.23,-2.55,0
2020-04-16,0.62,-0.21,-2.98,0
2020-04-17,2.73,0.75,2.77,0
2020-04-20,-1.57,0.78,-0.91,0
2020-04-21,-3.09,0.94,0.16,0
2020-04-22,2.31,-0.68,-1.66,0
2020-04-23,0.12,1.11,0.55,0
2020-04-24,1.43,0.28,-0.12,0
2020-04-27,1.73,1.59,2.68,0
2020-04-28,-0.45,0.98,2.86,0
2020-04-29,2.92,1.89,1.98,0
2020-04-30,-1.18,-1.41,-1.71,0
2020-05-01,-2.91,-0.55,-0.96,0
2020-05-04,0.54,0.21,-1.29,0
2020-05-05,0.95,0.03,-2.01,0
2020-05-06,-0.52,0.54,-2.72,0
2020-05-07,1.33,-0.06,0.41,0
2020-05-08,1.9,1.39,2.46,0
2020-05-11,0.06,0.47,-3.79,0
2020-05-12,-2.07,-0.84,-1.36,0
2020-05-13,-1.89,-0.89,-2.08,0
2020-05-14,1.15,-1.52,0.92,0
2020-05-15,0.57,1.61,-1.15,0
2020-05-18,3.24,1.58,4.61,0
2020-05-19,-1.01,-0.54,-1.51,0
2020-05-20,1.8,1.09,1.31,0
2020-05-21,-0.71,0.62,0.42,0
2020-05-22,0.27,0.46,-0.85,0
2020-05-26,1.23,0.1,4.54,0
2020-05-27,1.54,0.66,3.59,0
2020-05-28,-0.41,-1.54,-2.41,0
2020-05-29,0.59,-0.29,-1.98,0
2020-06-01,0.51,-0.04,0.43,0
2020-06-02,0.81,-0.09,0.55,0
2020-06-03,1.41,0.16,2.62,0
2020-06-04,-0.34,-0.22,2.9,0
2020-06-05,2.5,0.67,2.75,0
2020-06-08,1.35,0.37,2.07,0
2020-06-09,-0.86,-0.25,-1.92,0
2020-06-10,-0.55,-0.86,-4.1,0
2020-06-11,-5.91,-0.83,-3.03,0
2020-06-12,1.29,0.32,1.82,0
2020-06-15,1.08,1.46,-0.38,0
2020-06-16,1.88,0.61,0.49,0
2020-06-17,-0.41,-0.91,-1.97,0
2020-06-18,0.18,0.09,-0.53,0
2020-06-19,-0.45,0.08,-0.67,0
2020-06-22,0.71,0.84,-1.36,0
2020-06-23,0.41,0.17,-0.6,0
2020-06-24,-2.62,-0.45,-1.36,0
2020-06-25,1.13,0.25,0.5,0
2020-06-26,-2.43,0.12,-1.39,0
2020-06-29,1.5,1.25,1.86,0
2020-06-30,1.58,0.08,-0.01,0
2020-07-01,0.41,-1.27,-2.57,0
2020-07-02,0.51,-0.02,-0.14,0
2020-07-06,1.66,-0.63,0.35,0
2020-07-07,-1.01,-0.5,-1.5,0
2020-07-08,0.89,0.3,-0.46,0
2020-07-09,-0.54,-0.93,-2.61,0
2020-07-10,1.11,-0.07,3.06,0
2020-07-13,-1.19,-0.76,2.04,0
2020-07-14,1.36,0.42,-0.29,0
2020-07-15,1.14,2.43,1.26,0
2020-07-16,-0.38,-0.35,0.81,0
2020-07-17,0.3,0.17,-1.43,0
2020-07-20,1.03,-0.44,-2.38,0
2020-07-21,0.15,0.85,3.28,0
2020-07-22,0.5,-0.62,-0.37,0
2020-07-23,-1.2,0.74,1.98,0
2020-07-24,-0.74,-0.81,0.45,0
2020-07-27,0.88,0.75,-2.02,0
2020-07-28,-0.81,-0.71,1.01,0
2020-07-29,1.36,0.49,0.9,0
2020-07-30,-0.29,0.48,-1.84,0
2020-07-31,0.62,-1.59,-0.66,0
2020-08-03,0.97,1.22,-0.83,0
2020-08-04,0.37,0.45,0.06,0
2020-08-05,0.78,1.04,0.82,0
2020-08-06,0.53,-0.42,-0.85,0
2020-08-07,0.02,0.92,2.4,0
2020-08-10,0.23,0.86,1.73,0
2020-08-11,-0.83,-0.31,1.61,0
2020-08-12,1.4,-0.51,-1.33,0
2020-08-13,-0.02,0.18,-1.32,0
2020-08-14,-0.04,-0.08,1.08,0
2020-08-17,0.45,0.59,-1.94,0
2020-08-18,0.23,-1.07,-1.42,0
2020-08-19,-0.38,0.48,0.09,0
2020-08-20,0.31,-0.51,-1.55,0
2020-08-21,0.26,-1.08,-0.44,0
2020-08-24,0.92,-0.36,2.59,0
2020-08-25,0.35,0.16,-0.64,0
2020-08-26,1,-1.17,-1.75,0
2020-08-27,0.18,-0.34,0.95,0
2020-08-28,0.7,0.26,-0.22,0
2020-08-31,-0.04,-0.42,-1.75,0
2020-09-01,0.92,0.44,-0.32,0
2020-09-02,1.27,-0.5,-0.45,0
2020-09-03,-3.7,-0.22,2.6,0
2020-09-04,-0.87,-0.17,2.07,0
2020-09-08,-2.93,0.65,-0.29,0
2020-09-09,2.07,-0.18,-1.99,0
2020-09-10,-1.64,0.31,-0.06,0
2020-09-11,-0.05,-0.84,0.9,0
2020-09-14,1.58,1.19,-0.8,0
2020-09-15,0.57,-0.27,-1.46,0
2020-09-16,-0.4,0.76,1.32,0
2020-09-17,-0.85,0.36,0.2,0
2020-09-18,-0.89,0.79,-0.21,0
2020-09-21,-1.07,-2.02,-1.9,0
2020-09-22,1.01,-0.17,-1.6,0
2020-09-23,-2.47,-0.7,0.16,0
2020-09-24,0.26,-0.21,0.38,0
2020-09-25,1.71,0.15,-1.34,0
2020-09-28,1.65,0.72,1.05,0
2020-09-29,-0.42,0.75,-1.32,0
2020-09-30,0.79,-0.73,0.16,0
2020-10-01,0.78,1.05,-0.54,0
2020-10-02,-0.97,1.08,2.43,0
2020-10-05,1.94,1.02,-0.09,0
2020-10-06,-1.28,0.74,0.25,0
2020-10-07,1.84,0.58,0.16,0
2020-10-08,0.8,-0.03,1.07,0
2020-10-09,0.93,0.01,-1.42,0
2020-10-12,1.54,-0.83,-0.09,0
2020-10-13,-0.42,0.18,-1.74,0
2020-10-14,-0.65,0.08,0.03,0
2020-10-15,-0.08,0.9,1.14,0
2020-10-16,-0.06,-0.18,0.05,0
2020-10-19,-1.53,0.34,0.32,0
2020-10-20,0.35,-0.24,1.26,0
2020-10-21,-0.35,-0.47,0.41,0
2020-10-22,0.66,0.61,1.03,0
2020-10-23,0.38,0.42,0.04,0
2020-10-26,-1.85,-0.28,-0.39,0
2020-10-27,-0.23,-0.07,-2.33,0
2020-10-28,-3.42,0.02,0.57,0
2020-10-29,1.13,0.16,0.27,0
2020-10-30,-1.45,-0.79,1.85,0
2020-11-02,1.17,0.52,1,0
2020-11-03,1.93,1.01,-0.19,0
2020-11-04,2.25,-1.49,-5.03,0
2020-11-05,2.12,0.99,0.54,0
2020-11-06,0.01,-0.86,-0.92,0
2020-11-09,0.83,0.79,6.73,0
2020-11-10,-0.16,1.55,2.15,0
2020-11-11,0.88,-0.54,-1.78,0
2020-11-12,-0.94,-0.22,-1.19,0
2020-11-13,1.31,0.6,1.15,0
2020-11-16,1.22,0.79,1.98,0
2020-11-17,-0.2,0.62,-0.01,0
2020-11-18,-0.94,-0.04,0.03,0
2020-11-19,0.58,0.47,-0.77,0
2020-11-20,-0.51,0.67,-0.6,0
2020-11-23,0.82,0.88,1.55,0
2020-11-24,1.56,-0.12,2.78,0
2020-11-25,0.02,0,-1.32,0
2020-11-27,0.42,0.46,-1.62,0
2020-11-30,-0.52,-0.98,-2.07,0
2020-12-01,0.99,-0.25,0.52,0
2020-12-02,0.11,-0.09,1.07,0
2020-12-03,0.17,0.51,-0.1,0
2020-12-04,1.01,1.47,0.83,0
2020-12-07,0.02,0.24,-1.02,0
2020-12-08,0.47,1.01,-0.69,0
2020-12-09,-1.03,-0.06,1.28,0
2020-12-10,0.24,1.11,-0.46,0
2020-12-11,-0.18,-0.36,-0.73,0
2020-12-14,-0.26,0.57,-1.51,0
2020-12-15,1.29,1.06,0.38,0
2020-12-16,0.16,-0.42,-0.39,0
2020-12-17,0.78,0.68,-0.7,0
2020-12-18,-0.14,0.06,-1.17,0
2020-12-21,-0.24,0.14,-0.06,0
2020-12-22,0.05,1.21,-1.63,0
2020-12-23,0.11,0.39,2.03,0
2020-12-24,0.23,-0.4,-0.19,0
2020-12-28,0.49,-0.73,0.36,0
2020-12-29,-0.39,-1.52,0.24,0
2020-12-30,0.27,1.01,0.06,0
2020-12-31,0.4,-0.86,0.44,0
2021-01-04,-1.41,0.2,0.57,0
2021-01-05,0.86,1.22,0.5,0
2021-01-06,0.79,2.14,3.94,0
2021-01-07,1.76,0.32,-0.81,0
2021-01-08,0.51,-0.75,-1.38,0
2021-01-11,-0.52,0.26,1.26,0
2021-01-12,0.37,1.28,1.24,0
2021-01-13,0.06,-0.94,-0.45,0
2021-01-14,-0.12,2.02,1.13,0
2021-01-15,-0.86,-0.5,-0.74,0
2021-01-19,0.92,0.88,-0.79,0
2021-01-20,1.27,-0.39,-1.1,0
2021-01-21,-0.04,-0.54,-0.96,0
2021-01-22,-0.07,1.86,-0.11,0
2021-01-25,0.29,-0.03,-0.43,0
2021-01-26,-0.33,-0.01,0.04,0
2021-01-27,-2.53,1.32,1.55,0
2021-01-28,0.93,-1.92,-0.93,0
2021-01-29,-1.84,0.59,0.59,0
2021-02-01,1.72,0.93,-1.47,0
2021-02-02,1.48,-0.88,-1.03,0
2021-02-03,0.14,0.41,0.73,0
2021-02-04,1.22,0.39,0.38,0
2021-02-05,0.57,1.07,-0.49,0
2021-02-08,0.96,2.1,0.39,0
2021-02-09,0.05,0.64,-0.06,0
2021-02-10,-0.08,-0.59,0.79,0
2021-02-11,0.2,-0.05,-0.7,0
2021-02-12,0.49,-0.12,0.46,0
2021-02-16,-0.14,-0.64,1.93,0
2021-02-17,-0.2,-0.84,0.6,0
2021-02-18,-0.62,-1.53,-0.21,0
2021-02-19,0.16,1.77,0.73,0
2021-02-22,-1.11,-0.04,3.13,0
2021-02-23,-0.11,-1.25,0.89,0
2021-02-24,1.15,1.19,1.44,0
2021-02-25,-2.72,-1.11,0.88,0
2021-02-26,-0.28,0.68,-1.6,0
2021-03-01,2.62,1.09,0.23,0
2021-03-02,-1.05,-1.09,1.25,0
2021-03-03,-1.55,-0.19,3.56,0
2021-03-04,-1.67,-1.35,1.7,0
2021-03-05,1.87,0.22,0.62,0
2021-03-08,-0.67,0.6,3.71,0
2021-03-09,1.77,1.28,-3.23,0
2021-03-10,0.67,0.77,1.82,0
2021-03-11,1.41,1.59,-2,0
2021-03-12,0.11,0.14,1.29,0
2021-03-15,0.69,-0.12,-1.27,0
2021-03-16,-0.41,-1.09,-0.85,0
2021-03-17,0.34,0.47,0.34,0
2021-03-18,-1.86,-1.74,2.16,0
2021-03-19,0.23,1.26,-0.99,0
2021-03-22,0.56,-1.19,-2.23,0
2021-03-23,-1.16,-2.7,-1.04,0
2021-03-24,-0.97,-1.97,1.46,0
2021-03-25,0.67,1.68,1.4,0
2021-03-26,1.56,0.19,0.68,0
2021-03-29,-0.48,-2.41,-0.23,0
2021-03-30,-0.03,1.54,1.01,0
2021-03-31,0.63,1.12,-2.34,0
2021-04-01,1.27,0.3,-0.02,0
2021-04-05,1.28,-0.59,-0.71,0
2021-04-06,0,-0.31,0.09,0
2021-04-07,-0.11,-1.59,0.3,0
2021-04-08,0.62,0.59,-1.17,0
2021-04-09,0.65,-0.64,0.15,0
2021-04-12,-0.04,-0.6,0.56,0
2021-04-13,0.41,-0.3,-1.6,0
2021-04-14,-0.34,0.79,1.41,0
2021-04-15,1.06,-0.44,-1.19,0
2021-04-16,0.27,-0.36,0.65,0
2021-04-19,-0.72,-0.78,0.79,0
2021-04-20,-0.93,-1.18,-1.57,0
2021-04-21,1.1,1.38,0.12,0
2021-04-22,-0.78,0.66,-0.77,0
2021-04-23,1.26,0.75,0.69,0
2021-04-26,0.41,0.88,-0.5,0
2021-04-27,-0.03,-0.16,0.85,0
2021-04-28,-0.07,0.18,0.2,0
2021-04-29,0.4,-1.13,1.09,0
2021-04-30,-0.82,-0.43,-0.33,0
2021-05-03,0.18,0.44,1.7,0
2021-05-04,-0.89,-0.75,2,0
2021-05-05,-0.05,-0.46,1.33,0
2021-05-06,0.49,-0.79,1.18,0
2021-05-07,0.84,0.42,-0.08,0
2021-05-10,-1.35,-1.67,1.68,0
2021-05-11,-0.63,0.95,-0.87,0
2021-05-12,-2.34,-1.32,0.7,0
2021-05-13,1.04,0.26,1.13,0
2021-05-14,1.79,0.98,-0.16,0
2021-05-17,-0.24,0.59,0.84,0
2021-05-18,-0.7,0.26,-0.93,0
2021-05-19,-0.34,-0.38,-0.46,0
2021-05-20,1.14,-0.1,-1.42,0
2021-05-21,-0.04,0.22,0.98,0
2021-05-24,0.99,-0.37,-0.7,0
2021-05-25,-0.3,-0.61,-1.23,0
2021-05-26,0.46,1.75,0.57,0
2021-05-27,0.27,0.8,0.95,0
2021-05-28,0.04,-0.29,-0.32,0
2021-06-01,0.03,1.11,1.44,0
2021-06-02,0.11,-0.13,0.32,0
2021-06-03,-0.53,-0.54,0.73,0
2021-06-04,0.9,-0.35,-0.91,0
2021-06-07,0.14,1.56,-0.95,0
2021-06-08,0.18,1.14,-0.31,0
2021-06-09,-0.29,-0.3,-0.84,0
2021-06-10,0.41,-0.89,-2.05,0
2021-06-11,0.37,0.67,0.17,0
2021-06-14,0.15,-0.31,-1.62,0
2021-06-15,-0.3,-0.01,1.28,0
2021-06-16,-0.46,0.45,0.2,0
2021-06-17,0.01,-0.49,-3.57,0
2021-06-18,-1.23,-0.42,-1.44,0
2021-06-21,1.36,0.61,1.06,0
2021-06-22,0.58,0.04,-0.43,0
2021-06-23,0,0.55,-0.29,0
2021-06-24,0.69,0.66,0.23,0
2021-06-25,0.31,-0.7,0.43,0
2021-06-28,0.21,-0.51,-1.59,0
2021-06-29,0.01,-0.24,-0.3,0
2021-06-30,0.07,-0.11,0.75,0
2021-07-01,0.44,0.36,0.44,0
2021-07-02,0.56,-1.35,-0.7,0
2021-07-06,-0.27,-0.64,-2,0
2021-07-07,0.1,-0.9,0.08,0
2021-07-08,-0.86,0.15,-0.79,0
2021-07-09,1.26,0.62,1.57,0
2021-07-12,0.23,-0.16,0.56,0
2021-07-13,-0.55,-1.12,-0.41,0
2021-07-14,-0.25,-1.16,0.35,0
2021-07-15,-0.38,-0.35,0.79,0
2021-07-16,-0.76,-0.23,-1.27,0
2021-07-19,-1.42,0.32,-1.77,0
2021-07-20,1.7,0.8,0.14,0
2021-07-21,0.95,0.63,0.81,0
2021-07-22,0.1,-1.33,-1.02,0
2021-07-23,0.99,-0.1,-0.45,0
2021-07-26,0.18,-0.1,1.33,0
2021-07-27,-0.65,-0.65,0.59,0
2021-07-28,0.27,1.4,-0.64,0
2021-07-29,0.41,0,0.94,0
2021-07-30,-0.65,-0.07,-0.18,0
2021-08-02,-0.12,-0.13,-0.45,0
2021-08-03,0.73,-0.47,0.93,0
2021-08-04,-0.39,-0.61,-1.57,0
2021-08-05,0.74,1.13,-0.12,0
2021-08-06,0.09,0.06,1.88,0
2021-08-09,0,-0.36,-0.27,0
2021-08-10,0.06,0.01,1.82,0
2021-08-11,0.2,-0.01,1.44,0
2021-08-12,0.24,-0.59,-0.41,0
2021-08-13,0.02,-0.84,-0.27,0
2021-08-16,-0.03,-0.85,0.06,0
2021-08-17,-0.79,-0.45,-0.13,0
2021-08-18,-0.96,0.11,-0.18,0
2021-08-19,-0.13,-0.79,-0.83,0
2021-08-20,0.92,1,-0.5,0
2021-08-23,1.07,0.93,-0.83,0
2021-08-24,0.4,0.36,0.35,0
2021-08-25,0.27,-0.04,0.36,0
2021-08-26,-0.65,-0.39,-0.33,0
2021-08-27,1.07,1.61,0.31,0
2021-08-30,0.35,-0.33,-1.39,0
2021-08-31,-0.13,0.44,-0.04,0
2021-09-01,0.11,0.59,-0.96,0
2021-09-02,0.35,0.1,-0.02,0
2021-09-03,-0.02,-0.38,-0.28,0
2021-09-07,-0.36,-0.13,-0.08,0
2021-09-08,-0.33,-0.82,0.07,0
2021-09-09,-0.28,0.24,0.09,0
2021-09-10,-0.76,-0.08,0.02,0
2021-09-13,0.14,-0.07,1.35,0
2021-09-14,-0.66,-0.49,-0.97,0
2021-09-15,0.88,0.02,0.67,0
2021-09-16,-0.05,0.04,-0.58,0
2021-09-17,-0.74,0.98,-0.05,0
2021-09-20,-1.86,-0.57,0.22,0
2021-09-21,0.03,0.46,-0.68,0
2021-09-22,1,0.12,0.61,0
2021-09-23,1.28,0.36,0.92,0
2021-09-24,0.09,-0.47,0.71,0
2021-09-27,-0.11,1.26,2.44,0
2021-09-28,-2.17,-0.43,1.76,0
2021-09-29,0.04,-0.3,0.81,0
2021-09-30,-1.03,0.31,-0.77,0
2021-10-01,1.12,0.41,0.51,0
2021-10-04,-1.42,-0.02,2.35,0
2021-10-05,1.06,-0.52,-0.07,0
2021-10-06,0.34,-0.86,-0.5,0
2021-10-07,1.01,0.53,-0.18,0
2021-10-08,-0.27,-0.6,1.13,0
2021-10-11,-0.72,0.32,-0.28,0
2021-10-12,-0.07,0.63,-0.43,0
2021-10-13,0.43,0.14,-1.05,0
2021-10-14,1.65,-0.32,-0.28,0
2021-10-15,0.64,-1.19,0.29,0
2021-10-18,0.4,-0.23,-0.01,0
2021-10-19,0.7,-0.49,-0.24,0
2021-10-20,0.34,-0.02,1.2,0
2021-10-21,0.36,0.21,-0.99,0
2021-10-22,-0.25,-0.23,1.02,0
2021-10-25,0.56,0.49,-0.13,0
2021-10-26,0.05,-0.7,-0.3,0
2021-10-27,-0.76,-0.72,-1.2,0
2021-10-28,1.11,0.88,-0.5,0
2021-10-29,0.21,0.19,-0.83,0
2021-11-01,0.5,2,0.44,0
2021-11-02,0.25,-0.29,-0.55,0
2021-11-03,0.79,1.45,-0.16,0
2021-11-04,0.39,-0.02,-1.38,0
2021-11-05,0.37,0.68,1.22,0
2021-11-08,0.16,0.02,0.1,0
2021-11-09,-0.34,-0.18,0.46,0
2021-11-10,-1.04,-0.66,0.95,0
2021-11-11,0.17,0.53,0.34,0
2021-11-12,0.74,-0.32,-0.91,0
2021-11-15,-0.06,-0.52,0.7,0
2021-11-16,0.44,0.04,-0.68,0
2021-11-17,-0.41,-0.57,-0.26,0
2021-11-18,0.14,-0.56,-0.06,0
2021-11-19,-0.25,-0.17,-1.31,0
2021-11-22,-0.57,-0.54,2.78,0
2021-11-23,-0.02,-0.52,1.77,0
2021-11-24,0.3,0.03,-0.87,0
2021-11-26,-2.23,-1.22,-0.95,0
2021-11-29,1.1,-1.02,-0.78,0
2021-11-30,-1.95,0.53,-1.13,0
2021-12-01,-1.59,-0.78,1.09,0
2021-12-02,1.53,0.72,1.24,0
2021-12-03,-1.18,-1.15,1.08,0
2021-12-06,1.2,0.76,0.63,0
2021-12-07,2.22,0.2,-1.78,0
2021-12-08,0.46,0.67,-0.85,0
2021-12-09,-1.04,-1.36,1.55,0
2021-12-10,0.71,-0.83,0.52,0
2021-12-13,-1.04,-0.3,-0.99,0
2021-12-14,-0.76,-0.68,1.65,0
2021-12-15,1.62,0.38,-1.91,0
2021-12-16,-1.19,-1.6,2.8,0
2021-12-17,-0.66,1.89,-2.34,0
2021-12-20,-1.26,-0.16,-0.41,0
2021-12-21,2.06,0.82,0.19,0
2021-12-22,0.97,0.26,-0.35,0
2021-12-23,0.72,0.35,-0.49,0
2021-12-27,1.23,-0.1,0.31,0
2021-12-28,-0.26,-0.6,0.82,0
2021-12-29,0.07,-0.06,0.17,0
2021-12-30,-0.17,0.1,-0.41,0
2021-12-31,-0.31,0.05,0.52,0
2022-01-03,0.72,0.35,0.77,0
2022-01-04,-0.27,-0.81,3.64,0
2022-01-05,-2.26,-1.46,2.58,0
2022-01-06,0,0.21,1.76,0
2022-01-07,-0.49,-1.32,2.02,0
2022-01-10,-0.14,-0.24,-0.26,0
2022-01-11,1.08,-0.09,-0.27,0
2022-01-12,0.13,-0.89,0.52,0
2022-01-13,-1.55,0.32,2.39,0
2022-01-14,0.08,0.18,0.55,0
2022-01-18,-2.06,-1.04,1.38,0
2022-01-19,-1.02,-0.32,-0.67,0
2022-01-20,-1.15,-0.86,-0.23,0
2022-01-21,-2.09,0.28,0.47,0
2022-01-24,0.53,1.81,-0.25,0
2022-01-25,-1.42,-0.61,2.8,0
2022-01-26,-0.29,-1.07,0.1,0
2022-01-27,-0.76,-1.65,0.83,0
2022-01-28,2.46,-0.15,-2.08,0
2022-01-31,2.32,1.31,-2.87,0
2022-02-01,0.87,0.06,0.65,0
2022-02-02,0.51,-1.73,0.7,0
2022-02-03,-2.48,-0.06,2.19,0
2022-02-04,0.89,-0.02,-0.6,0
2022-02-07,-0.24,0.55,0.2,0
2022-02-08,1.02,0.67,-0.29,0
2022-02-09,1.6,0.24,-1.96,0
2022-02-10,-1.69,-0.14,1.23,0
2022-02-11,-1.91,0.61,2.13,0
2022-02-14,-0.35,0.22,-0.62,0
2022-02-15,1.85,1.31,-1.4,0
2022-02-16,-0.02,-0.1,0.32,0
2022-02-17,-2.29,-0.3,1.15,0
2022-02-18,-0.85,-0.09,0.95,0
2022-02-22,-1.17,-0.48,0.09,0
2022-02-23,-1.95,-0.2,1.25,0
2022-02-24,1.87,1.5,-3.88,0
2022-02-25,2.24,-0.42,1.19,0
2022-02-28,0.03,0.63,-0.46,0
2022-03-01,-1.55,-0.11,-0.85,0
2022-03-02,1.82,0.46,1.3,0
2022-03-03,-0.86,-0.57,1.51,0
2022-03-04,-1.09,-0.67,0.72,0
2022-03-07,-3.14,0.57,0.89,0
2022-03-08,-0.53,1.03,0.3,0
2022-03-09,2.79,0.36,-2.17,0
2022-03-10,-0.47,0.11,1.18,0
2022-03-11,-1.48,-0.44,1.76,0
2022-03-14,-1.04,-1.34,1.79,0
2022-03-15,2.15,-0.15,-2.37,0
2022-03-16,2.6,0.8,-1.85,0
2022-03-17,1.42,0.29,-1.06,0
2022-03-18,1.32,0.28,-1.87,0
2022-03-21,-0.17,-1.12,1.64,0
2022-03-22,1.3,0.05,-1.19,0
2022-03-23,-1.25,-0.64,0.4,0
2022-03-24,1.42,-0.08,-0.82,0
2022-03-25,0.28,-0.59,2.19,0
2022-03-28,0.73,-0.56,-1.72,0
2022-03-29,1.43,1.53,-1.92,0
2022-03-30,-0.82,-1.29,0.4,0
2022-03-31,-1.54,0.72,-0.45,0
2022-04-01,0.39,0.7,-0.61,0
2022-04-04,0.93,-0.06,-1.86,0
2022-04-05,-1.53,-0.96,0.82,0
2022-04-06,-1.23,-0.66,1.08,0
2022-04-07,0.34,-0.61,-0.12,0
2022-04-08,-0.38,-0.99,2.27,0
2022-04-11,-1.54,0.29,1.05,0
2022-04-12,-0.29,0.54,0.47,0
2022-04-13,1.39,0.92,-0.71,0
2022-04-14,-1.28,0.02,1.43,0
2022-04-18,-0.19,-0.81,1.8,0
2022-04-19,1.76,0.59,-0.97,0
2022-04-20,-0.27,0.2,1.26,0
2022-04-21,-1.73,-0.73,0.41,0
2022-04-22,-2.74,0.33,-0.18,0
2022-04-25,0.7,0.44,-1.86,0
2022-04-26,-2.99,-0.68,1.8,0
2022-04-27,0.13,-0.61,0.34,0
2022-04-28,2.45,-0.19,-0.42,0
2022-04-29,-3.54,0.74,0.61,0
2022-05-02,0.8,0.6,-1.16,0
2022-05-03,0.41,-0.17,1.65,0
2022-05-04,3.01,-0.45,0.24,0
2022-05-05,-3.8,-0.79,2.37,0
2022-05-06,-0.85,-1.34,1.84,0
2022-05-09,-3.52,-0.51,1.33,0
2022-05-10,0.22,-0.22,-1.22,0
2022-05-11,-1.93,-1.13,2.61,0
2022-05-12,0.15,1.29,-1.23,0
2022-05-13,2.74,0.88,-2.18,0
2022-05-16,-0.59,-0.2,1.31,0
2022-05-17,2.13,0.96,-0.05,0
2022-05-18,-4.06,0.21,1.54,0
2022-05-19,-0.34,0.49,-0.81,0
2022-05-20,-0.05,-0.11,-0.19,0
2022-05-23,1.75,-1.06,1.31,0
2022-05-24,-1.21,-0.92,1.83,0
2022-05-25,1.21,0.79,0.2,0
2022-05-26,2.18,0.19,-0.61,0
2022-05-27,2.58,0.36,-1.28,0
2022-05-31,-0.71,-0.5,0.46,0
2022-06-01,-0.74,0.2,0.8,0
2022-06-02,2.08,0.84,-2.08,0
2022-06-03,-1.63,0.85,0.55,0
2022-06-06,0.33,-0.02,0.66,0
2022-06-07,1,0.33,-0.15,0
2022-06-08,-1.02,-0.09,-0.52,0
2022-06-09,-2.43,0.32,0.26,0
2022-06-10,-3,0.09,0.66,0
2022-06-13,-4.12,-0.65,0.6,0
2022-06-14,-0.26,0.22,0.11,0
2022-06-15,1.55,0.28,-1.67,0
2022-06-16,-3.52,-1.18,0,0
2022-06-17,0.45,1.11,-2.68,0
2022-06-21,2.38,-0.76,0.24,0
2022-06-22,-0.19,0.2,-1.82,0
2022-06-23,1.12,0.8,-3.89,0
2022-06-24,3.13,-0.39,-0.01,0
2022-06-27,-0.27,0.56,1.25,0
2022-06-28,-2.09,-0.36,2.4,0
2022-06-29,-0.19,-0.44,-1.33,0
2022-06-30,-0.96,0.41,-0.14,0
2022-07-01,1.15,0.03,0.12,0
2022-07-05,0.48,1.83,-3.34,0
2022-07-06,0.17,-0.75,-0.76,0
2022-07-07,1.76,0.98,-0.95,0
2022-07-08,-0.07,0.12,-0.08,0
2022-07-11,-1.38,-1.32,1.61,0
2022-07-12,-0.89,0.74,0.52,0
2022-07-13,-0.39,0.44,-0.41,0
2022-07-14,-0.41,-0.26,-1.01,0
2022-07-15,1.96,-0.06,0.5,0
2022-07-18,-0.71,0.22,1.01,0
2022-07-19,2.81,0.89,-0.54,0
2022-07-20,0.89,1.5,-1.32,0
2022-07-21,0.97,0.01,-1.61,0
2022-07-22,-1.18,-1.09,1.39,0
2022-07-25,0.12,-0.3,1.65,0
2022-07-26,-1.32,0.09,1.07,0
2022-07-27,2.72,0.49,-1.27,0
2022-07-28,1.19,0.11,-0.91,0
2022-07-29,1.45,-0.94,0.45,0
2022-08-01,-0.2,0.32,-0.24,0.01
2022-08-02,-0.5,0.91,-1.41,0.01
2022-08-03,1.67,0.75,-1.95,0.01
2022-08-04,-0.05,0.84,-1.65,0.01
2022-08-05,-0.04,0.87,-0.05,0.01
2022-08-08,0,0.93,-0.09,0.01
2022-08-09,-0.67,-1.8,2.1,0.01
2022-08-10,2.35,1.14,-1.62,0.01
2022-08-11,-0.07,-0.25,1.67,0.01
2022-08-12,1.76,0.65,-0.79,0.01
2022-08-15,0.38,0.14,-0.61,0.01
2022-08-16,0.19,-0.34,0.7,0.01
2022-08-17,-0.92,-1.17,1.04,0.01
2022-08-18,0.27,0.19,0.45,0.01
2022-08-19,-1.49,-1.17,0.98,0.01
2022-08-22,-2.13,-0.18,0.34,0.01
2022-08-23,-0.11,0.02,0.31,0.01
2022-08-24,0.39,0.65,-0.62,0.01
2022-08-25,1.45,0.17,-0.01,0.01
2022-08-26,-3.37,-0.55,1.66,0.01
2022-08-29,-0.71,-0.58,0.44,0.01
2022-08-30,-1.11,-0.25,-0.22,0.01
2022-08-31,-0.75,0.29,-0.46,0.01
2022-09-01,0,-1.11,-0.28,0.01
2022-09-02,-0.99,-0.06,1.03,0.01
2022-09-06,-0.51,-0.45,-0.54,0.01
2022-09-07,1.92,0.71,-1.53,0.01
2022-09-08,0.78,-0.08,-0.18,0.01
2022-09-09,1.67,0.52,-0.51,0.01
2022-09-12,1.07,0.28,-0.17,0.01
2022-09-13,-4.29,-0.17,1.41,0.01
2022-09-14,0.44,-0.02,-0.32,0.01
2022-09-15,-1.04,0.34,0.61,0.01
2022-09-16,-0.98,-0.84,0.86,0.01
2022-09-19,0.72,-0.16,0.68,0.01
2022-09-20,-1.15,-0.21,0.03,0.01
2022-09-21,-1.68,0.37,0.06,0.01
2022-09-22,-1.14,-1.34,0.44,0.01
2022-09-23,-1.85,-0.25,-0.8,0.01
2022-09-26,-1.02,0.18,-0.75,0.01
2022-09-27,-0.04,0.65,-0.97,0.01
2022-09-28,2.14,0.9,-0.36,0.01
2022-09-29,-2.16,-0.5,0.92,0.01
2022-09-30,-1.43,0.5,0.27,0.01
2022-10-03,2.56,-0.3,0.7,0.01
2022-10-04,3.29,0.8,-0.09,0.01
2022-10-05,-0.21,-0.35,0.04,0.01
2022-10-06,-0.85,0.52,0.12,0.01
2022-10-07,-2.9,-0.62,1.68,0.01
2022-10-10,-0.8,0.05,0.76,0.01
2022-10-11,-0.7,0.55,0.33,0.01
2022-10-12,-0.27,0.07,0.04,0.01
2022-10-13,2.41,-0.62,1.57,0.01
2022-10-14,-2.45,-0.45,1.23,0.01
2022-10-17,2.74,0.69,-1.41,0.01
2022-10-18,1.18,-0.1,-0.02,0.01
2022-10-19,-0.87,-1.33,1.19,0.01
2022-10-20,-0.8,-0.28,-0.45,0.01
2022-10-21,2.3,-0.19,0.09,0.01
2022-10-24,1.04,-0.71,0.47,0.01
2022-10-25,1.78,1.35,-1.53,0.01
2022-10-26,-0.66,0.42,0.89,0.01
2022-10-27,-0.54,0.33,1.08,0.01
2022-10-28,2.33,-0.03,-0.34,0.01
2022-10-31,-0.68,0.38,0.73,0.01
2022-11-01,-0.35,0.16,0.8,0.01
2022-11-02,-2.67,-1.2,1.6,0.01
2022-11-03,-1.03,0.28,0.28,0.01
2022-11-04,1.16,-0.62,1.28,0.01
2022-11-07,0.87,-0.5,0.6,0.01
2022-11-08,0.51,-0.47,-0.4,0.01
2022-11-09,-2.24,-0.63,0.55,0.01
2022-11-10,5.68,1.61,-3.09,0.01
2022-11-11,1.06,0.28,-1.05,0.01
2022-11-14,-0.95,-0.36,0.35,0.01
2022-11-15,1.03,0.69,-0.73,0.01
2022-11-16,-1.02,-1.23,0.58,0.01
2022-11-17,-0.42,-0.53,0.56,0.01
2022-11-18,0.4,-0.16,0.11,0.01
2022-11-21,-0.52,-0.37,0.99,0.01
2022-11-22,1.36,-0.52,0.44,0.01
2022-11-23,0.63,0.02,-0.93,0.01
2022-11-25,-0.03,0.22,0.43,0.01
2022-11-28,-1.55,-0.42,-0.19,0.01
2022-11-29,-0.18,0.1,1.04,0.01
2022-11-30,3.12,0.35,-2.08,0.01
2022-12-01,-0.02,0.24,-0.69,0.02
2022-12-02,-0.08,0.91,-0.56,0.02
2022-12-05,-2.02,-0.6,-0.54,0.02
2022-12-06,-1.51,-0.25,1.14,0.02
2022-12-07,-0.24,-0.14,-0.32,0.02
2022-12-08,0.76,0.2,-1.2,0.02
2022-12-09,-0.8,-0.54,0.34,0.02
2022-12-12,1.41,-0.31,-0.16,0.02
2022-12-13,0.66,0.17,-0.77,0.02
2022-12-14,-0.56,0.02,-0.45,0.02
2022-12-15,-2.57,-0.38,1.39,0.02
2022-12-16,-1.02,0.52,0.17,0.02
2022-12-19,-1,-0.78,1.25,0.02
2022-12-20,0.13,0.2,0.25,0.02
2022-12-21,1.53,0.13,-0.12,0.02
2022-12-22,-1.52,0.08,0.38,0.02
2022-12-23,0.52,-0.61,1.16,0.02
2022-12-27,-0.5,-0.73,1.42,0.02
2022-12-28,-1.24,-0.24,-0.28,0.02
2022-12-29,1.87,1.26,-1.06,0.02
2022-12-30,-0.22,0.13,-0.04,0.02
2023-01-03,-0.47,0.08,-0.1,0.02
2023-01-04,0.81,0.54,0.05,0.02
2023-01-05,-1.14,-0.18,1.2,0.02
2023-01-06,2.21,-0.05,0.03,0.02
2023-01-09,0.03,0.55,-1.23,0.02
2023-01-10,0.79,0.91,-0.56,0.02
2023-01-11,1.25,0.17,-0.83,0.02
2023-01-12,0.45,1.43,-0.27,0.02
2023-01-13,0.46,0.3,-0.3,0.02
2023-01-17,-0.18,0.2,-0.55,0.02
2023-01-18,-1.55,0.03,-0.71,0.02
2023-01-19,-0.86,-0.28,0.84,0.02
2023-01-20,1.94,0.14,-0.68,0.02
2023-01-23,1.28,0.17,-0.99,0.02
2023-01-24,-0.16,-0.22,0.18,0.02
2023-01-25,0,-0.05,0.69,0.02
2023-01-26,1.08,-0.58,0.01,0.02
2023-01-27,0.34,0.63,-1.13,0.02
2023-01-30,-1.38,-0.12,0.74,0.02
2023-01-31,1.58,1.02,-0.06,0.02
2023-02-01,1.19,1,-1.65,0.02
2023-02-02,1.54,1.63,-2.07,0.02
2023-02-03,-1.08,0.08,0.98,0.02
2023-02-06,-0.73,-0.82,0.43,0.02
2023-02-07,1.25,-0.51,-0.04,0.02
2023-02-08,-1.18,-0.68,0.71,0.02
2023-02-09,-0.94,-0.63,0.21,0.02
2023-02-10,0.12,-0.69,1.5,0.02
2023-02-13,1.14,0.19,-0.73,0.02
2023-02-14,0.12,0.16,-0.68,0.02
2023-02-15,0.5,1.04,-0.91,0.02
2023-02-16,-1.37,-0.04,0.97,0.02
2023-02-17,-0.28,0.68,-0.14,0.02
2023-02-21,-2.16,-1.25,0.88,0.02
2023-02-22,-0.04,0.52,-0.46,0.02
2023-02-23,0.47,0.22,-0.23,0.02
2023-02-24,-1.08,-0.5,1.26,0.02
2023-02-27,0.31,0.16,-0.3,0.02
2023-02-28,-0.26,0.62,-0.69,0.02
2023-03-01,-0.41,0.2,0.62,0.02
2023-03-02,0.67,-0.37,-0.44,0.02
2023-03-03,1.61,0,-0.54,0.02
2023-03-06,-0.13,-1.62,-0.08,0.02
2023-03-07,-1.45,0.74,-0.67,0.02
2023-03-08,0.08,0.17,-0.39,0.02
2023-03-09,-2.02,-0.68,-0.76,0.02
2023-03-10,-1.68,-1.53,0.72,0.02
2023-03-13,-0.34,-0.63,-3.6,0.02
2023-03-14,1.72,0.15,-0.36,0.02
2023-03-15,-0.79,-0.08,-1.84,0.02
2023-03-16,1.76,0.18,-0.16,0.02
2023-03-17,-1.21,-0.83,-1.63,0.02
2023-03-20,0.84,-0.61,0.78,0.02
2023-03-21,1.48,0.45,0.73,0.02
2023-03-22,-1.74,-0.8,-0.53,0.02
2023-03-23,0.21,-0.19,-1.54,0.02
2023-03-24,0.46,0.13,0.71,0.02
2023-03-27,0.27,0.22,1.03,0.02
2023-03-28,-0.17,-0.18,0.75,0.02
2023-03-29,1.39,-0.3,-0.54,0.02
2023-03-30,0.51,-0.55,-0.6,0.02
2023-03-31,1.53,0.67,-0.76,0.02
2023-04-03,0.28,-0.47,0.79,0.02
2023-04-04,-0.72,-0.96,-0.72,0.02
2023-04-05,-0.39,-1.39,1.4,0.02
2023-04-06,0.34,0.06,-0.51,0.02
2023-04-10,0.2,0.79,0.26,0.02
2023-04-11,0.06,0.46,0.55,0.02
2023-04-12,-0.51,-0.55,0.37,0.02
2023-04-13,1.39,0.35,-1.19,0.02
2023-04-14,-0.23,-0.95,0.2,0.02
2023-04-17,0.33,0.8,-0.2,0.02
2023-04-18,0.04,-0.44,-0.31,0.02
2023-04-19,-0.04,0.29,0.42,0.02
2023-04-20,-0.61,0.09,-0.28,0.02
2023-04-21,0.08,0.26,-0.94,0.02
2023-04-24,0,-0.39,0.46,0.02
2023-04-25,-1.76,-0.98,0.09,0.02
2023-04-26,-0.41,0.14,-0.74,0.02
2023-04-27,1.85,-0.56,0,0.02
2023-04-28,0.78,0.13,0.19,0.02
2023-05-01,-0.02,0.29,-0.82,0.02
2023-05-02,-1.27,-0.56,-1.46,0.02
2023-05-03,-0.57,1.07,-1.03,0.02
2023-05-04,-0.78,-0.34,-1.04,0.02
2023-05-05,1.91,0.42,0.69,0.02
2023-05-08,0.07,-0.31,-0.3,0.02
2023-05-09,-0.43,0.12,-0.02,0.02
2023-05-10,0.43,0.46,-1.32,0.02
2023-05-11,-0.2,-0.49,-0.09,0.02
2023-05-12,-0.22,-0.19,0.34,0.02
2023-05-15,0.46,0.84,0.01,0.02
2023-05-16,-0.72,-0.33,-0.48,0.02
2023-05-17,1.31,0.89,1.22,0.02
2023-05-18,0.99,-0.07,-0.38,0.02
2023-05-19,-0.26,-0.45,-0.32,0.02
2023-05-22,0.17,1.27,-0.2,0.02
2023-05-23,-1.1,0.39,1.09,0.02
2023-05-24,-0.72,-0.31,-0.2,0.02
2023-05-25,0.65,-0.71,-1.08,0.02
2023-05-26,1.32,0.03,-0.85,0.02
2023-05-30,-0.01,-0.15,-0.42,0.02
2023-05-31,-0.6,-0.11,-1.16,0.02
2023-06-01,1.02,0.15,-0.06,0.02
2023-06-02,1.62,1.56,1.66,0.02
2023-06-05,-0.26,-1.01,-0.75,0.02
2023-06-06,0.46,2.13,1.35,0.02
2023-06-07,-0.36,1.36,2.28,0.02
2023-06-08,0.59,-0.49,-1.16,0.02
2023-06-09,0.03,-0.71,-0.41,0.02
2023-06-12,0.94,0.04,-1.41,0.02
2023-06-13,0.74,0.59,0.06,0.02
2023-06-14,-0.03,-0.9,-0.92,0.02
2023-06-15,1.22,-0.37,0.09,0.02
2023-06-16,-0.45,-0.55,0.22,0.02
2023-06-20,-0.48,0.43,-0.69,0.02
2023-06-21,-0.56,0.02,0.53,0.02
2023-06-22,0.32,-0.67,-1.26,0.02
2023-06-23,-0.84,-0.63,0.07,0.02
2023-06-26,-0.48,-0.34,1.29,0.02
2023-06-27,1.21,0.48,-0.51,0.02
2023-06-28,0.03,0.55,-0.43,0.02
2023-06-29,0.44,0.53,0.78,0.02
2023-06-30,1.14,-0.64,-0.78,0.02
2023-07-03,0.15,0.01,1.06,0.02
2023-07-05,-0.29,-0.95,-0.26,0.02
2023-07-06,-0.94,-0.51,-0.69,0.02
2023-07-07,-0.13,1.06,1.21,0.02
2023-07-10,0.36,1.28,-0.01,0.02
2023-07-11,0.76,0.03,0.48,0.02
2023-07-12,0.74,0.31,0.46,0.02
2023-07-13,0.9,0.05,-0.1,0.02
2023-07-14,-0.25,-0.3,-1.52,0.02
2023-07-17,0.48,0.76,-0.27,0.02
2023-07-18,0.78,0.21,1.08,0.02
2023-07-19,0.25,-0.07,1.32,0.02
2023-07-20,-0.81,-0.58,0.65,0.02
2023-07-21,-0.05,-0.33,-0.36,0.02
2023-07-24,0.31,-0.28,0.76,0.02
2023-07-25,0.25,-0.05,-0.78,0.02
2023-07-26,0.01,0.68,1.02,0.02
2023-07-27,-0.74,-0.91,0.28,0.02
2023-07-28,1.13,0.55,-0.34,0.02
2023-07-31,0.25,1.08,-0.09,0.02
2023-08-01,-0.34,-0.17,0.31,0.02
2023-08-02,-1.49,-0.18,0.57,0.02
2023-08-03,-0.19,-0.04,0.08,0.02
2023-08-04,-0.48,0.03,0.76,0.02
2023-08-07,0.77,-1.16,0.6,0.02
2023-08-08,-0.47,0.04,0.15,0.02
2023-08-09,-0.78,-0.07,-0.04,0.02
2023-08-10,0.01,-0.32,-0.67,0.02
2023-08-11,-0.11,0.12,0.45,0.02
2023-08-14,0.51,-0.66,-0.77,0.02
2023-08-15,-1.18,0.24,-1.03,0.02
2023-08-16,-0.81,-0.4,-0.14,0.02
2023-08-17,-0.87,-0.32,0.49,0.02
2023-08-18,0.04,0.41,-0.22,0.02
2023-08-21,0.64,-0.68,-0.59,0.02
2023-08-22,-0.32,0.23,-1.04,0.02
2023-08-23,1.08,-0.1,-0.12,0.02
2023-08-24,-1.42,-0.19,0.61,0.02
2023-08-25,0.65,-0.07,-0.57,0.02
2023-08-28,0.63,-0.02,0.41,0.02
2023-08-29,1.5,0.01,-0.12,0.02
2023-08-30,0.41,0.24,-0.46,0.02
2023-08-31,-0.08,-0.23,0.22,0.02
2023-09-01,0.26,0.67,0.58,0.02
2023-09-05,-0.54,-1.36,-0.87,0.02
2023-09-06,-0.71,-0.01,-0.18,0.02
2023-09-07,-0.4,-0.63,0.02,0.02
2023-09-08,0.12,-0.62,0.4,0.02
2023-09-11,0.66,-0.26,-0.52,0.02
2023-09-12,-0.59,-0.25,1.01,0.02
2023-09-13,0.03,-0.79,-0.2,0.02
2023-09-14,0.83,0.22,0.86,0.02
2023-09-15,-1.21,0.15,0.25,0.02
2023-09-18,-0.04,-0.83,-0.18,0.02
2023-09-19,-0.26,-0.12,0,0.02
2023-09-20,-0.95,-0.1,0.26,0.02
2023-09-21,-1.68,0.19,0.38,0.02
2023-09-22,-0.25,0.01,-0.5,0.02
2023-09-25,0.39,-0.11,0.33,0.02
2023-09-26,-1.46,0.4,-0.5,0.02
2023-09-27,0.13,0.69,0.1,0.02
2023-09-28,0.65,0.16,0.03,0.02
2023-09-29,-0.27,-0.04,0.32,0.02
2023-10-02,-0.14,-0.92,-1.05,0.02
2023-10-03,-1.49,-0.33,-0.14,0.02
2023-10-04,0.77,-0.27,-0.37,0.02
2023-10-05,-0.15,0.31,0.1,0.02
2023-10-06,1.21,-0.3,-0.56,0.02
2023-10-09,0.59,-0.31,0.25,0.02
2023-10-10,0.6,0.16,0.63,0.02
2023-10-11,0.33,-0.67,0.38,0.02
2023-10-12,-0.81,-1.47,0.11,0.02
2023-10-13,-0.59,-0.46,0.06,0.02
2023-10-16,1.13,0.61,-0.1,0.02
2023-10-17,0.09,0.87,0.7,0.02
2023-10-18,-1.46,-0.63,-0.18,0.02
2023-10-19,-0.92,-0.5,-0.22,0.02
2023-10-20,-1.32,0.06,-0.15,0.02
2023-10-23,-0.23,-0.26,-0.78,0.02
2023-10-24,0.74,0.25,-0.58,0.02
2023-10-25,-1.57,-0.31,0.85,0.02
2023-10-26,-1.15,0.85,1.68,0.02
2023-10-27,-0.52,-0.35,-0.59,0.02
2023-10-30,1.15,-0.38,0.29,0.02
2023-10-31,0.63,0.05,-0.06,0.02
2023-11-01,0.93,-0.63,-0.02,0.02
2023-11-02,1.94,0.47,1.63,0.02
2023-11-03,1.1,1.61,0.61,0.02
2023-11-06,0.01,-1.07,-0.64,0.02
2023-11-07,0.35,-0.01,-1.22,0.02
2023-11-08,-0.03,-0.82,-0.46,0.02
2023-11-09,-0.89,-1.08,0.49,0.02
2023-11-10,1.49,-0.58,-0.44,0.02
2023-11-13,-0.05,0.15,-0.26,0.02
2023-11-14,2.18,2.99,1.19,0.02
2023-11-15,0.18,-0.05,0.49,0.02
2023-11-16,-0.11,-1.4,-0.3,0.02
2023-11-17,0.25,0.99,0.63,0.02
2023-11-20,0.73,0,-0.29,0.02
2023-11-21,-0.32,-0.8,-0.61,0.02
2023-11-22,0.47,0.21,-0.04,0.02
2023-11-24,0.11,0.59,0.18,0.02
2023-11-27,-0.23,-0.11,-0.09,0.02
2023-11-28,0.05,-0.29,0.04,0.02
2023-11-29,0.01,0.43,0.69,0.02
2023-11-30,0.35,-0.46,0.01,0.02
2023-12-01,0.81,2.06,1.07,0.02
2023-12-04,-0.44,1.41,0.51,0.02
2023-12-05,-0.21,-0.83,-0.83,0.02
2023-12-06,-0.4,0.3,0.32,0.02
2023-12-07,0.81,0.06,0.47,0.02
2023-12-08,0.44,0.01,0.52,0.02
2023-12-11,0.36,-0.39,-0.12,0.02
2023-12-12,0.34,-0.43,-0.88,0.02
2023-12-13,1.54,1.72,1.35,0.02
2023-12-14,0.5,1.11,2.03,0.02
2023-12-15,-0.06,-0.4,-0.57,0.02
2023-12-18,0.42,-0.4,-0.36,0.02
2023-12-19,0.71,1.36,0.69,0.02
2023-12-20,-1.55,-0.37,0.13,0.02
2023-12-21,1.09,0.74,-0.04,0.02
2023-12-22,0.2,0.64,0.1,0.02
2023-12-26,0.48,0.7,0.44,0.02
2023-12-27,0.16,0.13,0.11,0.02
2023-12-28,-0.01,-0.36,0.03,0.02
2023-12-29,-0.43,-1.12,-0.37,0.02
2024-01-02,-0.7,-0.55,0.78,0.02
2024-01-03,-1.01,-1.94,-0.11,0.02
2024-01-04,-0.33,0.21,0.09,0.02
2024-01-05,0.15,-0.81,0.63,0.02
2024-01-08,1.49,0.9,-1.27,0.02
2024-01-09,-0.21,-0.44,-0.89,0.02
2024-01-10,0.51,-0.1,-0.44,0.02
2024-01-11,-0.14,-0.45,-0.52,0.02
2024-01-12,-0.01,-0.11,-0.49,0.02
2024-01-16,-0.47,-0.76,-0.61,0.02
2024-01-17,-0.59,-0.08,-0.25,0.02
2024-01-18,0.87,-0.1,-0.35,0.02
2024-01-19,1.19,-0.47,0.67,0.02
2024-01-22,0.38,1.73,0.58,0.02
2024-01-23,0.22,-0.66,-0.55,0.02
2024-01-24,-0.01,-0.74,0.05,0.02
2024-01-25,0.46,0.04,0.57,0.02
2024-01-26,-0.02,0.41,-0.27,0.02
2024-01-29,0.85,1.07,-0.59,0.02
2024-01-30,-0.12,-1.27,0.85,0.02
2024-01-31,-1.74,-0.92,-0.29,0.02
2024-02-01,1.22,0.64,-1.35,0.02
2024-02-02,0.99,-1.43,-0.51,0.02
2024-02-05,-0.41,-0.73,-0.66,0.02
2024-02-06,0.27,0.85,-0.47,0.02
2024-02-07,0.77,-0.9,-0.61,0.02
2024-02-08,0.21,1.49,0.01,0.02
2024-02-09,0.65,1,-0.42,0.02
2024-02-12,0.04,1.29,1.11,0.02
2024-02-13,-1.6,-2.4,-0.65,0.02
2024-02-14,1.14,1.57,-0.22,0.02
2024-02-15,0.67,0.84,1.04,0.02
2024-02-16,-0.53,-0.66,-0.17,0.02
2024-02-20,-0.73,-0.86,0.33,0.02
2024-02-21,-0.02,-0.82,0.14,0.02
2024-02-22,2.02,-1.2,-1.29,0.02
2024-02-23,0.02,0.28,0,0.02
2024-02-26,-0.26,1.01,-0.12,0.02
2024-02-27,0.26,1.2,-0.44,0.02
2024-02-28,-0.26,-0.86,-0.01,0.02
2024-02-29,0.53,-0.36,0.98,0.02
2024-03-01,0.76,0.09,-0.55,0.02
2024-03-04,-0.18,-0.79,0.34,0.02
2024-03-05,-1.07,-0.32,1.17,0.02
2024-03-06,0.53,-0.16,-0.03,0.02
2024-03-07,1.02,-0.47,0.03,0.02
2024-03-08,-0.66,0.5,0.57,0.02
2024-03-11,-0.2,-0.71,0.4,0.02
2024-03-12,1.04,-0.97,-0.69,0.02
2024-03-13,-0.14,0.3,-0.02,0.02
2024-03-14,-0.42,-1.31,-1.04,0.02
2024-03-15,-0.58,0.75,0.79,0.02
2024-03-18,0.53,-1.02,-0.25,0.02
2024-03-19,0.54,0.53,-0.27,0.02
2024-03-20,1.02,0.91,1.01,0.02
2024-03-21,0.42,0.04,0.95,0.02
2024-03-22,-0.23,-0.86,-0.53,0.02
2024-03-25,-0.27,-0.24,0.86,0.02
2024-03-26,-0.26,0.09,-0.13,0.02
2024-03-27,0.88,1.04,0.91,0.02
2024-03-28,0.11,0.29,0.48,0.02
2024-04-01,-0.26,-0.9,-0.28,0.02
2024-04-02,-0.85,-1.1,0.03,0.02
2024-04-03,0.17,0.31,-0.03,0.02
2024-04-04,-1.22,0.17,0.15,0.02
2024-04-05,1.06,-0.32,-0.68,0.02
2024-04-08,0.01,0.52,0.14,0.02
2024-04-09,0.13,0.37,-0.32,0.02
2024-04-10,-1,-1.37,-1.04,0.02
2024-04-11,0.73,0.24,-0.62,0.02
2024-04-12,-1.53,-0.33,0.11,0.02
2024-04-15,-1.29,-0.47,0.76,0.02
2024-04-16,-0.23,-0.03,-0.83,0.02
2024-04-17,-0.64,-0.48,0.56,0.02
2024-04-18,-0.27,-0.28,0.87,0.02
2024-04-19,-0.82,0.82,1.9,0.02
2024-04-22,0.87,-0.21,0.54,0.02
2024-04-23,1.27,0.59,0,0.02
2024-04-24,-0.01,-0.31,0.27,0.02
2024-04-25,-0.47,-0.31,-0.2,0.02
2024-04-26,1.03,0.46,-1.07,0.02
2024-04-29,0.33,0.38,-0.48,0.02
2024-04-30,-1.67,-0.19,-0.25,0.02
2024-05-01,-0.27,1.09,0.03,0.02
2024-05-02,1.01,0.72,-0.03,0.02
2024-05-03,1.18,0.02,-0.19,0.02
2024-05-06,1.08,0.02,-0.06,0.02
2024-05-07,0.05,0.07,-0.6,0.02
2024-05-08,-0.09,-0.54,0.58,0.02
2024-05-09,0.52,0.42,0.37,0.02
2024-05-10,0.09,-0.92,0.01,0.02
2024-05-13,-0.04,0.24,-0.26,0.02
2024-05-14,0.56,0.52,0.02,0.02
2024-05-15,1.15,-0.35,-0.22,0.02
2024-05-16,-0.25,-0.15,-0.01,0.02
2024-05-17,0.11,-0.24,0.4,0.02
2024-05-20,0.14,0.27,-0.88,0.02
2024-05-21,0.16,-0.45,0.18,0.02
2024-05-22,-0.35,-0.28,-0.37,0.02
2024-05-23,-0.84,-0.59,-0.64,0.02
2024-05-24,0.71,0.04,0.15,0.02
2024-05-28,-0.04,0.29,-0.88,0.02
2024-05-29,-0.77,-0.29,-0.62,0.02
2024-05-30,-0.53,1.03,1,0.02
2024-05-31,0.68,-0.36,0.78,0.02
2024-06-03,0.05,-0.2,-0.57,0.02
2024-06-04,-0.06,-0.99,-0.76,0.02
2024-06-05,1.23,0.48,-0.61,0.02
2024-06-06,-0.06,-0.45,-0.07,0.02
2024-06-07,-0.23,-0.99,0.07,0.02
2024-06-10,0.27,-0.12,-0.28,0.02
2024-06-11,0.2,0.13,-1.06,0.02
2024-06-12,0.94,0.84,0.09,0.02
2024-06-13,0.05,-0.85,-0.63,0.02
2024-06-14,-0.16,-1.29,-0.64,0.02
2024-06-17,0.78,-0.41,0.52,0.02
2024-06-18,0.2,-0.54,0.37,0.02
2024-06-20,-0.3,-0.37,0.25,0.02
2024-06-21,-0.13,0.58,-0.51,0.02
2024-06-24,-0.26,0.25,1.09,0.02
2024-06-25,0.31,-0.56,-1.21,0.02
2024-06-26,0.16,0.1,-0.21,0.02
2024-06-27,0.14,0.72,-0.39,0.02
2024-06-28,-0.35,0.72,1.27,0.02
2024-07-01,0.23,-1,-0.48,0.02
2024-07-02,0.57,-0.54,0.4,0.02
2024-07-03,0.48,-0.03,-0.69,0.02
2024-07-05,0.48,-0.47,-1.43,0.02
2024-07-08,0.1,0.62,-0.19,0.02
2024-07-09,0,-0.6,0.5,0.02
2024-07-10,0.97,-0.07,0.41,0.02
2024-07-11,-0.6,3.61,1.76,0.02
2024-07-12,0.58,0.72,-0.47,0.02
2024-07-15,0.38,0.98,0.57,0.02
2024-07-16,0.82,2.35,1.34,0.02
2024-07-17,-1.49,-0.31,2.46,0.02
2024-07-18,-0.95,-1.09,0.03,0.02
2024-07-19,-0.68,0.17,-0.13,0.02
2024-07-22,1.08,0.88,-0.55,0.02
2024-07-23,-0.07,1.29,0.01,0.02
2024-07-24,-2.4,-0.66,1.73,0.02
2024-07-25,-0.3,1.46,0.67,0.02
2024-07-26,1.1,0.53,-0.17,0.02
2024-07-29,-0.02,-1,-0.48,0.02
2024-07-30,-0.49,0.09,1.37,0.02
2024-07-31,1.52,-0.34,-1.34,0.02
2024-08-01,-1.61,-1.31,-0.65,0.02
2024-08-02,-2.11,-1.01,-0.76,0.02
2024-08-05,-3.02,-0.46,0.01,0.02
2024-08-06,1,0.02,-0.57,0.02
2024-08-07,-0.83,-0.77,0.72,0.02
2024-08-08,2.38,0.43,-0.81,0.02
2024-08-09,0.43,-0.76,-0.34,0.02
2024-08-12,-0.08,-0.66,-0.59,0.02
2024-08-13,1.69,0.58,-0.74,0.02
2024-08-14,0.3,-1.14,0.25,0.02
2024-08-15,1.77,1.28,-0.75,0.02
2024-08-16,0.22,-0.03,0.77,0.02
2024-08-19,0.98,0.46,-0.26,0.02
2024-08-20,-0.31,-0.67,-0.65,0.02
2024-08-21,0.51,1.02,-0.64,0.02
2024-08-22,-0.96,-0.68,1.37,0.02
2024-08-23,1.29,1.91,0.84,0.02
2024-08-26,-0.34,0.1,0.19,0.02
2024-08-27,0.05,-0.84,0.02,0.02
2024-08-28,-0.66,-0.56,1.15,0.02
2024-08-29,0.07,0.38,0.3,0.02
2024-08-30,0.98,-0.56,0.05,0.02
2024-09-03,-2.26,-1.25,1.38,0.02
2024-09-04,-0.22,0.15,-0.58,0.02
2024-09-05,-0.31,0.27,-0.69,0.02
2024-09-06,-1.82,-0.21,0.18,0.02
2024-09-09,1.09,-0.83,-0.73,0.02
2024-09-10,0.4,0.15,-0.83,0.02
2024-09-11,1.04,-0.03,-1.64,0.02
2024-09-12,0.8,0.62,-0.52,0.02
2024-09-13,0.7,1.9,0.02,0.02
2024-09-16,0.16,-0.34,0.91,0.02
2024-09-17,0.08,0.53,0.55,0.02
2024-09-18,-0.25,0.13,0.27,0.02
2024-09-19,1.77,0.48,-0.2,0.02
2024-09-20,-0.26,-0.73,-0.63,0.02
2024-09-23,0.21,-0.81,-0.11,0.02
2024-09-24,0.24,0.1,-0.58,0.02
2024-09-25,-0.29,-0.65,-0.7,0.02
2024-09-26,0.43,0.18,0.43,0.02
2024-09-27,-0.09,0.43,0.56,0.02
2024-09-30,0.36,-0.12,0.15,0.02
2024-10-01,-0.97,-0.9,-0.03,0.02
2024-10-02,0,-0.2,-0.18,0.02
2024-10-03,-0.23,-0.61,0.19,0.02
2024-10-04,1.03,0.39,0.28,0.02
2024-10-07,-0.97,-0.16,0.29,0.02
2024-10-08,0.87,-0.29,-1.14,0.02
2024-10-09,0.69,-0.46,0.18,0.02
2024-10-10,-0.2,-0.33,0.09,0.02
2024-10-11,0.75,1.07,0.76,0.02
2024-10-14,0.7,-0.03,-0.32,0.02
2024-10-15,-0.72,0.76,0.51,0.02
2024-10-16,0.52,0.91,0.54,0.02
2024-10-17,-0.05,-0.09,0.16,0.02
2024-10-18,0.36,-0.19,-0.75,0.02
2024-10-21,-0.29,-1.03,-1.2,0.02
2024-10-22,-0.11,-0.32,0.57,0.02
2024-10-23,-0.97,-0.38,1.09,0.02
2024-10-24,0.29,0.15,-0.29,0.02
2024-10-25,-0.08,-0.02,-0.82,0.02
2024-10-28,0.38,1.13,0.63,0.02
2024-10-29,0.15,0.14,-1.08,0.02
2024-10-30,-0.32,-0.08,0.75,0.02
2024-10-31,-1.8,-0.39,0.64,0.02
2024-11-01,0.47,0.61,-1.07,0.02
2024-11-04,-0.27,0.82,-0.55,0.02
2024-11-05,1.3,0.82,-0.14,0.02
2024-11-06,2.91,1.87,3.5,0.02
2024-11-07,0.66,-0.19,-2.76,0.02
2024-11-08,0.43,0.4,-0.51,0.02
2024-11-11,0.32,0.91,0.84,0.02
2024-11-12,-0.38,-1.23,0.14,0.02
2024-11-13,-0.12,-1.05,0.18,0.02
2024-11-14,-0.71,-0.83,0.71,0.02
2024-11-15,-1.38,-0.87,1.65,0.02
2024-11-18,0.41,-0.38,-0.03,0.02
2024-11-19,0.49,0.78,-1.64,0.02
2024-11-20,0.04,0,-0.11,0.02
2024-11-21,0.65,0.8,0.29,0.02
2024-11-22,0.53,1.26,0.42,0.02
2024-11-25,0.41,1.09,0.23,0.02
2024-11-26,0.42,-0.94,-0.67,0.02
2024-11-27,-0.4,0.26,0.47,0.02
2024-11-29,0.54,0.13,-0.64,0.02
2024-12-02,0.23,0.47,-0.65,0.02
2024-12-03,0.04,-0.57,-0.56,0.02
2024-12-04,0.7,0.4,-1.26,0.02
2024-12-05,-0.28,-1.12,0.48,0.02
2024-12-06,0.35,0.62,-1.06,0.02
2024-12-09,-0.73,0.41,0.13,0.02
2024-12-10,-0.36,-0.03,0.14,0.02
2024-12-11,0.87,0.17,-0.58,0.02
2024-12-12,-0.62,-0.86,0.41,0.02
2024-12-13,-0.05,-0.48,-0.3,0.02
2024-12-16,0.46,0.75,-1.06,0.02
2024-12-17,-0.49,-0.43,-0.56,0.02
2024-12-18,-3.17,-1.43,0.09,0.02
2024-12-19,-0.12,-0.28,-0.01,0.02
2024-12-20,1.07,-0.15,0.07,0.02
2024-12-23,0.61,-0.71,-0.2,0.02
2024-12-24,1.11,-0.09,-0.06,0.02
2024-12-26,0.01,1.04,-0.18,0.02
2024-12-27,-1.17,-0.65,0.57,0.02
2024-12-30,-1.09,0.13,0.74,0.02
2024-12-31,-0.46,0.01,0.71,0.02
2025-01-02,-0.16,0.1,-0.32,0.02
2025-01-03,1.34,0.6,-0.94,0.02
2025-01-06,0.55,-0.37,-0.33,0.02
2025-01-07,-1.18,-0.37,0.84,0.02
2025-01-08,0.1,-0.61,-0.12,0.02
2025-01-10,-1.55,-0.9,-0.19,0.02
2025-01-13,0.12,-0.57,1.2,0.02
2025-01-14,0.17,0.35,1.65,0.02
2025-01-15,1.91,0.25,0.09,0.02
2025-01-16,-0.19,0,0.17,0.02
2025-01-17,0.96,-0.54,0.09,0.02
2025-01-21,0.96,1.15,-1.02,0.02
2025-01-22,0.54,-0.45,-1.22,0.02
2025-01-23,0.48,0.06,-0.26,0.02
2025-01-24,-0.27,-0.15,0.68,0.02
2025-01-27,-1.49,-0.64,2.52,0.02
2025-01-28,0.92,0.18,-1.65,0.02
2025-01-29,-0.42,-0.04,0.49,0.02
2025-01-30,0.58,0.37,-0.02,0.02
2025-01-31,-0.53,-0.28,-0.18,0.02
2025-02-03,-0.82,-0.71,-0.25,0.02
2025-02-04,0.77,1,-0.11,0.02
2025-02-05,0.39,0.48,0.3,0.02
2025-02-06,0.29,-0.56,0.6,0.02
2025-02-07,-0.98,-0.39,-0.02,0.02
2025-02-10,0.66,0.3,-1.1,0.02
2025-02-11,-0.14,-0.69,1.3,0.02
2025-02-12,-0.31,-0.49,-0.65,0.02
2025-02-13,1.1,0.35,-0.17,0.02
2025-02-14,0.02,-0.18,0.47,0.02
2025-02-18,0.25,-0.13,0.28,0.02
2025-02-19,0.09,-0.63,-0.07,0.02
2025-02-20,-0.61,-0.48,-0.14,0.02
2025-02-21,-1.9,-1.12,0.77,0.02
2025-02-24,-0.57,-1,1.19,0.02
2025-02-25,-0.58,-0.12,0.7,0.02
2025-02-26,0.02,0.18,-0.33,0.02
2025-02-27,-1.65,-0.95,2.13,0.02
2025-02-28,1.59,-0.8,0.13,0.02
2025-03-03,-1.92,-1.23,1.07,0.02
2025-03-04,-1.27,0.96,-2.1,0.02
2025-03-05,1.16,0.38,-0.83,0.02
2025-03-06,-1.92,-0.11,0.92,0.02
2025-03-07,0.47,-0.01,-0.33,0.02
2025-03-10,-2.9,-0.76,0.72,0.02
2025-03-11,-0.63,0.97,-0.13,0.02
2025-03-12,0.51,-0.03,-0.33,0.02
2025-03-13,-1.49,-1,1.42,0.02
2025-03-14,2.21,0.31,0.08,0.02
2025-03-17,0.72,0.19,0.14,0.02
2025-03-18,-1.13,-0.29,1.03,0.02
2025-03-19,1.2,0.53,-0.41,0.02
2025-03-20,-0.24,-0.46,0.22,0.02
2025-03-21,0.08,-0.25,-0.71,0.02
2025-03-24,1.93,0.76,-0.42,0.02
2025-03-25,0.12,-0.94,0.05,0.02
2025-03-26,-1.22,-0.48,1.52,0.02
2025-03-27,-0.42,0.19,0.3,0.02
2025-03-28,-2.07,-0.48,0.4,0.02
2025-03-31,0.39,-1.08,0.37,0.02
2025-04-01,0.4,-0.38,0.03,0.02
2025-04-02,0.81,0.82,-0.11,0.02
2025-04-03,-5.13,-1.63,-0.5,0.02
2025-04-04,-5.92,2.03,-0.24,0.02
2025-04-07,-0.23,-0.58,-0.24,0.02
2025-04-08,-1.67,-1.37,0.97,0.02
2025-04-09,9.65,0.36,-3.06,0.02
2025-04-10,-3.54,-0.91,-0.14,0.02
2025-04-11,1.76,-0.21,-1.01,0.02
2025-04-14,0.79,0.11,0.36,0.02
2025-04-15,-0.14,0.16,0.45,0.02
2025-04-16,-2.22,0.78,1.33,0.02
2025-04-17,0.22,0.28,0.74,0.02
2025-04-21,-2.4,0.04,0.69,0.02
2025-04-22,2.56,0.08,0.24,0.02
2025-04-23,1.75,0.21,-0.66,0.02
2025-04-24,2.14,0.34,-0.94,0.02
2025-04-25,0.64,-0.08,-1.15,0.02
2025-04-28,0.08,0.22,0.14,0.02
2025-04-29,0.58,0.01,-0.04,0.02
2025-04-30,0.03,-0.73,-0.6,0.02
2025-05-01,0.59,0.34,-0.29,0.02
2025-05-02,1.56,0.7,0.29,0.02
2025-05-05,-0.66,0.05,-0.5,0.02
2025-05-06,-0.81,-0.59,0.61,0.02
2025-05-07,0.4,-0.26,-0.04,0.02
2025-05-08,0.74,1.57,-0.07,0.02
2025-05-09,-0.09,-0.27,0.57,0.02
2025-05-12,3.36,0.75,-1.42,0.02
2025-05-13,0.79,-0.02,-0.16,0.02
2025-05-14,0.08,-0.52,-0.87,0.02
2025-05-15,0.3,0,0.44,0.02
2025-05-16,0.74,0.05,-0.43,0.02
2025-05-19,0.01,-0.41,-0.07,0.02
2025-05-20,-0.37,0.44,-0.12,0.02
2025-05-21,-1.73,-1.01,-0.3,0.02
2025-05-22,-0.01,0.29,-0.42,0.02
2025-05-23,-0.67,-0.07,0.39,0.02
2025-05-27,2.07,0.59,-0.28,0.02
2025-05-28,-0.62,-0.31,-0.23,0.02
2025-05-29,0.33,-0.14,0.34,0.02
2025-05-30,-0.02,-0.4,-0.21,0.02
2025-06-02,0.38,-0.19,-0.64,0.02
2025-06-03,0.66,1.05,-0.29,0.02
2025-06-04,-0.02,0.28,-1.25,0.02
2025-06-05,-0.51,0.37,0.1,0.02
2025-06-06,1.07,0.55,0.06,0.02
2025-06-09,0.11,0.53,-0.06,0.02
2025-06-10,0.5,-0.12,0.3,0.02
2025-06-11,-0.32,-0.23,0.2,0.02
2025-06-12,0.3,-0.73,-0.01,0.02
2025-06-13,-1.15,-1.11,0.15,0.02
2025-06-16,0.97,0.56,-0.36,0.02
2025-06-17,-0.88,-0.27,-0.05,0.02
2025-06-18,0.03,0.27,0.37,0.02
2025-06-20,-0.22,-0.25,0.45,0.02
2025-06-23,0.93,0.51,-0.11,0.02
2025-06-24,1.17,0.5,-0.51,0.02
2025-06-25,-0.07,-0.94,-0.06,0.02
2025-06-26,0.88,0.71,0.32,0.02
2025-06-27,0.46,-0.21,0,0.02
2025-06-30,0.49,-0.42,-0.12,0.02
2025-07-01,-0.1,0.93,2.34,0.02
2025-07-02,0.56,1.19,-0.06,0.02
2025-07-03,0.88,0.23,-0.32,0.02
2025-07-07,-0.84,-0.71,-0.22,0.02
2025-07-08,-0.08,1.03,0.39,0.02
2025-07-09,0.63,0.68,-0.8,0.02
2025-07-10,0.24,0.06,0.65,0.02
2025-07-11,-0.44,-1.08,0.35,0.02
2025-07-14,0.21,0.32,-0.35,0.02
2025-07-15,-0.52,-0.98,-1.5,0.02
2025-07-16,0.38,0.63,-0.42,0.02
2025-07-17,0.59,0.63,0.16,0.02
2025-07-18,-0.02,-0.82,0.29,0.02
2025-07-21,0.05,-0.1,0.24,0.02
2025-07-22,0.08,0.71,1.1,0.02
2025-07-23,0.77,0.79,-0.4,0.02
2025-07-24,-0.03,-1.29,-0.67,0.02
2025-07-25,0.4,-0.06,-0.06,0.02
2025-07-28,0.04,0.09,-0.39,0.02
2025-07-29,-0.37,-0.92,0.07,0.02
2025-07-30,-0.11,-0.59,-0.84,0.02
2025-07-31,-0.34,-0.35,-0.77,0.02
2025-08-01,-1.74,-0.56,-0.04,0.02
2025-08-04,1.53,0.89,-1.04,0.02
2025-08-05,-0.42,0.65,0.59,0.02
2025-08-06,0.71,-0.28,-0.63,0.02
2025-08-07,-0.14,-0.28,0.2,0.02
2025-08-08,0.69,-0.54,0.08,0.02
2025-08-11,-0.24,0.17,0.02,0.02
2025-08-12,1.25,1.46,0.85,0.02
2025-08-13,0.39,1.78,0.39,0.02
2025-08-14,-0.09,-1.28,0.56,0.02
2025-08-15,-0.28,0.04,-0.75,0.02
2025-08-18,0.03,0.35,0.02,0.02
2025-08-19,-0.71,-0.62,1.59,0.02
2025-08-20,-0.28,-0.26,0.18,0.02
2025-08-21,-0.38,0.4,-0.15,0.02
2025-08-22,1.7,2.04,1.17,0.02
2025-08-25,-0.48,-0.63,0.45,0.02
2025-08-26,0.43,0.25,0.13,0.02
2025-08-27,0.24,0.4,0.27,0.02
2025-08-28,0.35,-0.15,-0.52,0.02
2025-08-29,-0.68,0.02,0.85,0.02
2025-09-02,-0.61,-0.07,0.1,0.02
2025-09-03,0.44,-0.24,-0.51,0.02
2025-09-04,0.87,0.17,0.34,0.02
2025-09-05,-0.22,0.93,-0.52,0.02
2025-09-08,0.26,0.16,-0.63,0.02
2025-09-09,0.21,-0.75,-0.22,0.02
2025-09-10,0.36,-0.89,0.31,0.02
2025-09-11,0.86,0.75,0.08,0.02
2025-09-12,-0.16,-1.09,0.04,0.02
2025-09-15,0.51,0.04,-0.66,0.02
2025-09-16,-0.09,0.06,-0.07,0.02
2025-09-17,-0.1,-0.23,0.57,0.02
2025-09-18,0.6,1.38,0.52,0.02
2025-09-19,0.38,-1.28,-0.76,0.02
2025-09-22,0.43,0.67,-1.15,0.02
2025-09-23,-0.61,-0.3,0.87,0.02
2025-09-24,-0.34,-0.36,0.99,0.02
2025-09-25,-0.58,-0.77,0.55,0.02
2025-09-26,0.6,0.28,0.45,0.02
2025-09-29,0.25,-0.06,-0.75,0.02
2025-09-30,0.29,-0.13,-0.57,0.02
